{
  "generated_unix_s": 1770605481,
  "objective": "score",
  "max_frames": 108000,
  "jobs": 8,
  "bots": [
    "codex-potential-adaptive"
  ],
  "seeds": [
    387276995,
    683130747,
    2563012431,
    2415085555,
    1401181275,
    3668340011,
    3576916711,
    3337566535,
    2415943017,
    374696825,
    701760149,
    4024908485,
    1620736809,
    916893685,
    2540000350,
    2365042542,
    2001685207,
    4193865514,
    658035548,
    503785011,
    2456768646,
    4187552535,
    3673585997,
    3777780076,
    2981876071,
    901503331,
    3074619931,
    1729690285,
    3762329248,
    2339807130,
    1862014061,
    1640026597
  ],
  "run_count": 32,
  "bot_rankings": [
    {
      "bot_id": "codex-potential-adaptive",
      "bot_fingerprint": "crc32:d889f08f:len:1440",
      "runs": 32,
      "avg_score": 95280.3125,
      "max_score": 719970,
      "avg_frames": 24816.875,
      "max_frames": 106426,
      "avg_lives": 0.0,
      "min_lives": 0,
      "survival_rate": 0.0,
      "objective_value": 97265.66249999999,
      "avg_action_frames": 5924.34375,
      "avg_turn_frames": 3219.78125,
      "avg_thrust_frames": 4261.375,
      "avg_fire_frames": 558.09375
    }
  ],
  "runs": [
    {
      "bot_id": "codex-potential-adaptive",
      "bot_fingerprint": "crc32:d889f08f:len:1440",
      "seed": 1401181275,
      "seed_hex": "0x5384545b",
      "frame_count": 106426,
      "final_score": 719970,
      "final_lives": 0,
      "final_wave": 16,
      "game_over": true,
      "objective_value": 728484.08,
      "action_frames": 31442,
      "turn_frames": 17689,
      "thrust_frames": 22977,
      "fire_frames": 2440
    },
    {
      "bot_id": "codex-potential-adaptive",
      "bot_fingerprint": "crc32:d889f08f:len:1440",
      "seed": 1862014061,
      "seed_hex": "0x6efc146d",
      "frame_count": 49053,
      "final_score": 216320,
      "final_lives": 0,
      "final_wave": 13,
      "game_over": true,
      "objective_value": 220244.24,
      "action_frames": 12746,
      "turn_frames": 7064,
      "thrust_frames": 9178,
      "fire_frames": 1227
    },
    {
      "bot_id": "codex-potential-adaptive",
      "bot_fingerprint": "crc32:d889f08f:len:1440",
      "seed": 916893685,
      "seed_hex": "0x36a6aff5",
      "frame_count": 44959,
      "final_score": 208330,
      "final_lives": 0,
      "final_wave": 12,
      "game_over": true,
      "objective_value": 211926.72,
      "action_frames": 11835,
      "turn_frames": 6576,
      "thrust_frames": 8484,
      "fire_frames": 1152
    },
    {
      "bot_id": "codex-potential-adaptive",
      "bot_fingerprint": "crc32:d889f08f:len:1440",
      "seed": 658035548,
      "seed_hex": "0x2738d35c",
      "frame_count": 43568,
      "final_score": 194370,
      "final_lives": 0,
      "final_wave": 11,
      "game_over": true,
      "objective_value": 197855.44,
      "action_frames": 11181,
      "turn_frames": 5875,
      "thrust_frames": 8310,
      "fire_frames": 992
    },
    {
      "bot_id": "codex-potential-adaptive",
      "bot_fingerprint": "crc32:d889f08f:len:1440",
      "seed": 2415085555,
      "seed_hex": "0x8ff347f3",
      "frame_count": 40792,
      "final_score": 187520,
      "final_lives": 0,
      "final_wave": 9,
      "game_over": true,
      "objective_value": 190783.36,
      "action_frames": 10664,
      "turn_frames": 5832,
      "thrust_frames": 7887,
      "fire_frames": 913
    },
    {
      "bot_id": "codex-potential-adaptive",
      "bot_fingerprint": "crc32:d889f08f:len:1440",
      "seed": 683130747,
      "seed_hex": "0x28b7bf7b",
      "frame_count": 37042,
      "final_score": 169730,
      "final_lives": 0,
      "final_wave": 10,
      "game_over": true,
      "objective_value": 172693.36,
      "action_frames": 9065,
      "turn_frames": 5073,
      "thrust_frames": 6473,
      "fire_frames": 823
    },
    {
      "bot_id": "codex-potential-adaptive",
      "bot_fingerprint": "crc32:d889f08f:len:1440",
      "seed": 1640026597,
      "seed_hex": "0x61c0d1e5",
      "frame_count": 36493,
      "final_score": 137740,
      "final_lives": 0,
      "final_wave": 12,
      "game_over": true,
      "objective_value": 140659.44,
      "action_frames": 9894,
      "turn_frames": 5235,
      "thrust_frames": 7160,
      "fire_frames": 1038
    },
    {
      "bot_id": "codex-potential-adaptive",
      "bot_fingerprint": "crc32:d889f08f:len:1440",
      "seed": 3762329248,
      "seed_hex": "0xe04096a0",
      "frame_count": 25555,
      "final_score": 99940,
      "final_lives": 0,
      "final_wave": 8,
      "game_over": true,
      "objective_value": 101984.4,
      "action_frames": 6540,
      "turn_frames": 3697,
      "thrust_frames": 4466,
      "fire_frames": 673
    },
    {
      "bot_id": "codex-potential-adaptive",
      "bot_fingerprint": "crc32:d889f08f:len:1440",
      "seed": 2563012431,
      "seed_hex": "0x98c4774f",
      "frame_count": 31848,
      "final_score": 98620,
      "final_lives": 0,
      "final_wave": 9,
      "game_over": true,
      "objective_value": 101167.84,
      "action_frames": 7126,
      "turn_frames": 3770,
      "thrust_frames": 5306,
      "fire_frames": 666
    },
    {
      "bot_id": "codex-potential-adaptive",
      "bot_fingerprint": "crc32:d889f08f:len:1440",
      "seed": 3337566535,
      "seed_hex": "0xc6ef3947",
      "frame_count": 26581,
      "final_score": 93090,
      "final_lives": 0,
      "final_wave": 8,
      "game_over": true,
      "objective_value": 95216.48,
      "action_frames": 5915,
      "turn_frames": 3189,
      "thrust_frames": 4157,
      "fire_frames": 575
    },
    {
      "bot_id": "codex-potential-adaptive",
      "bot_fingerprint": "crc32:d889f08f:len:1440",
      "seed": 2415943017,
      "seed_hex": "0x90005d69",
      "frame_count": 26283,
      "final_score": 89950,
      "final_lives": 0,
      "final_wave": 6,
      "game_over": true,
      "objective_value": 92052.64,
      "action_frames": 5899,
      "turn_frames": 3006,
      "thrust_frames": 4409,
      "fire_frames": 477
    },
    {
      "bot_id": "codex-potential-adaptive",
      "bot_fingerprint": "crc32:d889f08f:len:1440",
      "seed": 4024908485,
      "seed_hex": "0xefe73ac5",
      "frame_count": 24979,
      "final_score": 78820,
      "final_lives": 0,
      "final_wave": 7,
      "game_over": true,
      "objective_value": 80818.32,
      "action_frames": 5724,
      "turn_frames": 3174,
      "thrust_frames": 4091,
      "fire_frames": 570
    },
    {
      "bot_id": "codex-potential-adaptive",
      "bot_fingerprint": "crc32:d889f08f:len:1440",
      "seed": 2540000350,
      "seed_hex": "0x9765545e",
      "frame_count": 24133,
      "final_score": 78130,
      "final_lives": 0,
      "final_wave": 7,
      "game_over": true,
      "objective_value": 80060.64,
      "action_frames": 5521,
      "turn_frames": 2977,
      "thrust_frames": 3972,
      "fire_frames": 529
    },
    {
      "bot_id": "codex-potential-adaptive",
      "bot_fingerprint": "crc32:d889f08f:len:1440",
      "seed": 1729690285,
      "seed_hex": "0x6718faad",
      "frame_count": 25908,
      "final_score": 76210,
      "final_lives": 0,
      "final_wave": 8,
      "game_over": true,
      "objective_value": 78282.64,
      "action_frames": 5931,
      "turn_frames": 3074,
      "thrust_frames": 4331,
      "fire_frames": 587
    },
    {
      "bot_id": "codex-potential-adaptive",
      "bot_fingerprint": "crc32:d889f08f:len:1440",
      "seed": 4187552535,
      "seed_hex": "0xf998fb17",
      "frame_count": 19675,
      "final_score": 58920,
      "final_lives": 0,
      "final_wave": 7,
      "game_over": true,
      "objective_value": 60494.0,
      "action_frames": 4675,
      "turn_frames": 2595,
      "thrust_frames": 3207,
      "fire_frames": 475
    },
    {
      "bot_id": "codex-potential-adaptive",
      "bot_fingerprint": "crc32:d889f08f:len:1440",
      "seed": 3673585997,