{
  "generated_unix_s": 1770610930,
  "objective": "score",
  "max_frames": 108000,
  "jobs": 8,
  "bots": [
    "codex-potential-adaptive"
  ],
  "seeds": [
    1,
    1013904223,
    3668340011,
    2027808503,
    387276995,
    3041712783,
    1401181275,
    4055617063,
    2415085555,
    774554047,
    3428989835,
    1788458327
  ],
  "run_count": 12,
  "bot_rankings": [
    {
      "bot_id": "codex-potential-adaptive",
      "bot_fingerprint": "crc32:d2e21181:len:1436",
      "runs": 12,
      "avg_score": 50369.166666666664,
      "max_score": 224000,
      "avg_frames": 15803.916666666666,
      "max_frames": 47803,
      "avg_lives": 0.0,
      "min_lives": 0,
      "survival_rate": 0.0,
      "objective_value": 51633.48,
      "avg_action_frames": 3293.3333333333335,
      "avg_turn_frames": 1749.1666666666667,
      "avg_thrust_frames": 2357.75,
      "avg_fire_frames": 331.25
    }
  ],
  "runs": [
    {
      "bot_id": "codex-potential-adaptive",
      "bot_fingerprint": "crc32:d2e21181:len:1436",
      "seed": 3041712783,
      "seed_hex": "0xb54cda8f",
      "frame_count": 47803,
      "final_score": 224000,
      "final_lives": 0,
      "final_wave": 9,
      "game_over": true,
      "objective_value": 227824.24,
      "action_frames": 12200,
      "turn_frames": 6478,
      "thrust_frames": 9121,
      "fire_frames": 1030
    },
    {
      "bot_id": "codex-potential-adaptive",
      "bot_fingerprint": "crc32:d2e21181:len:1436",
      "seed": 3428989835,
      "seed_hex": "0xcc623b8b",
      "frame_count": 37050,
      "final_score": 154590,
      "final_lives": 0,
      "final_wave": 11,
      "game_over": true,
      "objective_value": 157554.0,
      "action_frames": 8959,
      "turn_frames": 5121,
      "thrust_frames": 6049,
      "fire_frames": 949
    },
    {
      "bot_id": "codex-potential-adaptive",
      "bot_fingerprint": "crc32:d2e21181:len:1436",
      "seed": 387276995,
      "seed_hex": "0x171560c3",
      "frame_count": 14767,
      "final_score": 46490,
      "final_lives": 0,
      "final_wave": 5,
      "game_over": true,
      "objective_value": 47671.36,
      "action_frames": 3178,
      "turn_frames": 1630,
      "thrust_frames": 2358,
      "fire_frames": 318
    },
    {
      "bot_id": "codex-potential-adaptive",
      "bot_fingerprint": "crc32:d2e21181:len:1436",
      "seed": 2415085555,
      "seed_hex": "0x8ff347f3",
      "frame_count": 12790,
      "final_score": 31820,
      "final_lives": 0,
      "final_wave": 5,
      "game_over": true,
      "objective_value": 32843.2,
      "action_frames": 2652,
      "turn_frames": 1390,
      "thrust_frames": 1857,
      "fire_frames": 271
    },
    {
      "bot_id": "codex-potential-adaptive",
      "bot_fingerprint": "crc32:d2e21181:len:1436",
      "seed": 4055617063,
      "seed_hex": "0xf1bbce27",
      "frame_count": 13044,
      "final_score": 29300,
      "final_lives": 0,
      "final_wave": 5,
      "game_over": true,
      "objective_value": 30343.52,
      "action_frames": 2449,
      "turn_frames": 1152,
      "thrust_frames": 1851,
      "fire_frames": 247
    },
    {
      "bot_id": "codex-potential-adaptive",
      "bot_fingerprint": "crc32:d2e21181:len:1436",
      "seed": 3668340011,
      "seed_hex": "0xdaa66d2b",
      "frame_count": 13263,
      "final_score": 28310,
      "final_lives": 0,
      "final_wave": 5,
      "game_over": true,
      "objective_value": 29371.04,
      "action_frames": 2639,
      "turn_frames": 1379,
      "thrust_frames": 1913,
      "fire_frames": 281
    },
    {
      "bot_id": "codex-potential-adaptive",
      "bot_fingerprint": "crc32:d2e21181:len:1436",
      "seed": 2027808503,
      "seed_hex": "0x78dde6f7",
      "frame_count": 12062,
      "final_score": 25470,
      "final_lives": 0,
      "final_wave": 4,
      "game_over": true,
      "objective_value": 26434.96,
      "action_frames": 1820,
      "turn_frames": 949,
      "thrust_frames": 1228,
      "fire_frames": 229
    },
    {
      "bot_id": "codex-potential-adaptive",
      "bot_fingerprint": "crc32:d2e21181:len:1436",
      "seed": 1,
      "seed_hex": "0x00000001",
      "frame_count": 9636,
      "final_score": 18650,
      "final_lives": 0,
      "final_wave": 4,
      "game_over": true,
      "objective_value": 19420.88,
      "action_frames": 1609,
      "turn_frames": 689,
      "thrust_frames": 1185,
      "fire_frames": 193
    },
    {
      "bot_id": "codex-potential-adaptive",
      "bot_fingerprint": "crc32:d2e21181:len:1436",
      "seed": 1788458327,
      "seed_hex": "0x6a99b557",
      "frame_count": 8914,
      "final_score": 14740,
      "final_lives": 0,
      "final_wave": 3,
      "game_over": true,
      "objective_value": 15453.12,
      "action_frames": 1336,
      "turn_frames": 601,
      "thrust_frames": 1012,
      "fire_frames": 139
    },
    {
      "bot_id": "codex-potential-adaptive",
      "bot_fingerprint": "crc32:d2e21181:len:1436",
      "seed": 1401181275,
      "seed_hex": "0x5384545b",
      "frame_count": 9316,
      "final_score": 13470,
      "final_lives": 0,
      "final_wave": 4,
      "game_over": true,
      "objective_value": 14215.28,
      "action_frames": 1223,
      "turn_frames": 681,
      "thrust_frames": 818,
      "fire_frames": 143
    },
    {
      "bot_id": "codex-potential-adaptive",
      "bot_fingerprint": "crc32:d2e21181:len:1436",
      "seed": 1013904223,
      "seed_hex": "0x3c6ef35f",
      "frame_count": 5242,
      "final_score": 9480,
      "final_lives": 0,
      "final_wave": 3,
      "game_over": true,
      "objective_value": 9899.36,
      "action_frames": 830,
      "turn_frames": 500,
      "thrust_frames": 527,
      "fire_frames": 99
    },
    {
      "bot_id": "codex-potential-adaptive",
      "bot_fingerprint": "crc32:d2e21181:len:1436",
      "seed": 774554047,
      "seed_hex": "0x2e2ac1bf",
      "frame_count": 5760,
      "final_score": 8110,
      "final_lives": 0,
      "final_wave": 2,
      "game_over": true,
      "objective_value": 8570.8,
      "action_frames": 625,
      "turn_frames": 420,
      "thrust_frames": 374,
      "fire_frames": 76
    }
  ],
  "saved_tapes": [
    {
      "rank": 1,
      "metric": "objective",
      "bot_id": "codex-potential-adaptive",
      "bot_fingerprint": "crc32:d2e21181:len:1436",
      "seed": 3041712783,
      "seed_hex": "0xb54cda8f",
      "score": 224000,
      "frames": 47803,
      "lives": 0,
      "path": "codex-autopilot/runs/post-tweak-stress-20260208-232208/top-objective/rank01-codex-potential-adaptive-seedb54cda8f-score224000-frames47803.tape"
    },
    {
      "rank": 2,
      "metric": "objective",
      "bot_id": "codex-potential-adaptive",
      "bot_fingerprint": "crc32:d2e21181:len:1436",
      "seed": 3428989835,
      "seed_hex": "0xcc623b8b",
      "score": 154590,
      "frames": 37050,
      "lives": 0,
      "path": "codex-autopilot/runs/post-tweak-stress-20260208-232208/top-objective/rank02-codex-potential-adaptive-seedcc623b8b-score154590-frames37050.tape"
    },
    {
      "rank": 3,
      "metric": "objective",
      "bot_id": "codex-potential-adaptive",
      "bot_fingerprint": "crc32:d2e21181:len:1436",
      "seed": 387276995,
      "seed_hex": "0x171560c3",
      "score": 46490,
      "frames": 14767,
      "lives": 0,
      "path": "codex-autopilot/runs/post-tweak-stress-20260208-232208/top-objective/rank03-codex-potential-adaptive-seed171560c3-score46490-frames14767.tape"
    },
    {
      "rank": 4,
      "metric": "objective",
      "bot_id": "codex-potential-adaptive",
      "bot_fingerprint": "crc32:d2e21181:len:1436",
      "seed": 2415085555,
      "seed_hex": "0x8ff347f3",
      "score": 31820,
      "frames": 12790,
      "lives": 0,
      "path": "codex-autopilot/runs/post-tweak-stress-20260208-232208/top-objective/rank04-codex-potential-adaptive-seed8ff347f3-score31820-frames12790.tape"
    },
    {
      "rank": 5,
      "metric": "objective",